name,number,position,class,photo
Maya Thompson,07,Outside Hitter,Senior,maya.png
Jordan Lee,12,Setter,Junior,jordan.png
Avery Carter,03,Libero,Senior,avery.png
Riley Morgan,18,Middle Blocker,Sophomore,riley.png
Sophia Williams,22,Opposite,Senior,sophia.png
Emma Garcia,05,Defensive Specialist,Junior,emma.png
Olivia Brown,09,Setter,Senior,olivia.png
Isabella Davis,14,Outside Hitter,Junior,isabella.png
Mia Wilson,01,Libero,Sophomore,mia.png
Charlotte Moore,16,Middle Blocker,Senior,charlotte.png
Amelia Taylor,11,Opposite,Junior,amelia.png
Harper Anderson,20,Defensive Specialist,Senior,harper.png
Evelyn Thomas,04,Setter,Sophomore,evelyn.png
Abigail Jackson,08,Outside Hitter,Senior,abigail.png
Ella White,13,Libero,Junior,ella.png
Scarlett Harris,17,Middle Blocker,Senior,scarlett.png
Grace Martin,02,Opposite,Sophomore,grace.png
Chloe Thompson,06,Defensive Specialist,Junior,chloe.png
Victoria Martinez,10,Setter,Senior,victoria.png
Lily Robinson,15,Outside Hitter,Junior,lily.png
